{
  "1268594949440671849": {
    "guild": "1234769901416353862",
    "channel": "1268594949440671849",
    "message": "kronix on top",
    "embed": "true",
    "color": "#000000"
  },
  "1269480953600938025": {
    "guild": "1263856269333106739",
    "message": "sex sux bkl",
    "embed": "true",
    "color": "#000000"
  },
  "1064766286921478184": {
    "guild": "1063452003910553731",
    "channel": "1064766286921478184",
    "message": "<:kronix_butterfly:1216260007629422742>  Type `!verify` To Get ID-Pass For Website\n<:kronix_butterfly:1216260007629422742> Screenshot Should be Short, Containing just the channel name and subscribed button",
    "embed": "true",
    "color": "#090000"
  }
}